<annotation>
	<folder>fam_obj_detect_trial_imgs</folder>
	<filename>WIN_20230112_10_10_06_Pro.jpg</filename>
	<path>C:\Users\maals\Documents\fam_obj_detect_trial_imgs\WIN_20230112_10_10_06_Pro.jpg</path>
	<source>
		<database>Unknown</database>
	</source>
	<size>
		<width>1920</width>
		<height>1080</height>
		<depth>3</depth>
	</size>
	<segmented>0</segmented>
	<object>
		<name>plastic</name>
		<pose>Unspecified</pose>
		<truncated>0</truncated>
		<difficult>0</difficult>
		<bndbox>
			<xmin>1455</xmin>
			<ymin>121</ymin>
			<xmax>1689</xmax>
			<ymax>692</ymax>
		</bndbox>
	</object>
</annotation>
